time;stations_id;mess_datum_ende;qn_4;ja_n;ja_tt;ja_tx;ja_tn;ja_fk;ja_sd_s;ja_mx_fx;ja_mx_tx;ja_mx_tn;qn_6;ja_rr;ja_mx_rs;eor;date_from;date_to;altitude;latitude;longitude;name;state
2018-01-01;390;2018-12-31;10.0;-999.0;8.59;12.8;4.65;;;;33.5;-14.9;9.0;796.7;33.4;eor;1986-12-01;2022-12-31;610;50.9837;8.3683;Berleburg, Bad-Stünzel;Nordrhein-Westfalen
2019-01-01;390;2019-12-31;10.0;-999.0;8.31;12.29;4.49;;;;33.6;-12.2;9.0;1083.2;43.9;eor;1986-12-01;2022-12-31;610;50.9837;8.3683;Berleburg, Bad-Stünzel;Nordrhein-Westfalen
2020-01-01;390;2020-12-31;10.0;-999.0;8.57;12.56;4.68;;;;33.3;-7.5;9.0;982.7;29.8;eor;1986-12-01;2022-12-31;610;50.9837;8.3683;Berleburg, Bad-Stünzel;Nordrhein-Westfalen
2021-01-01;390;2021-12-31;3.0;-999.0;7.2;11.01;3.76;;;;30.1;-15.7;3.0;835.2;23.0;eor;1986-12-01;2022-12-31;610;50.9837;8.3683;Berleburg, Bad-Stünzel;Nordrhein-Westfalen
2022-01-01;390;2022-12-31;1.0;-999.0;8.82;13.03;4.78;;;;34.0;-10.5;1.0;981.5;37.5;eor;1986-12-01;2022-12-31;610;50.9837;8.3683;Berleburg, Bad-Stünzel;Nordrhein-Westfalen
2017-01-01;555;2017-12-31;10.0;-999.0;10.91;15.07;6.5;;1427.6;;34.4;-8.9;9.0;876.4;37.2;eor;1925-01-01;2023-02-28;110;51.5026;7.2289;Bochum;Nordrhein-Westfalen
2018-01-01;603;2018-12-31;9.0;-999.0;11.6;16.39;6.82;;2013.9;;36.9;-10.1;9.0;617.6;36.5;eor;2000-07-04;2022-12-31;147;50.7293;7.204;Königswinter-Heiderhof;Nordrhein-Westfalen
2019-01-01;603;2019-12-31;9.0;-999.0;11.3;16.0;6.71;;;;40.9;-9.1;;;;eor;2000-07-04;2022-12-31;147;50.7293;7.204;Königswinter-Heiderhof;Nordrhein-Westfalen
2020-01-01;603;2020-12-31;9.0;-999.0;11.86;16.43;6.86;;;;36.3;-6.0;3.0;581.9;;eor;2000-07-04;2022-12-31;147;50.7293;7.204;Königswinter-Heiderhof;Nordrhein-Westfalen
2021-01-01;603;2021-12-31;3.0;-999.0;10.48;14.46;6.41;;;;33.0;-10.9;3.0;789.4;71.2;eor;2000-07-04;2022-12-31;147;50.7293;7.204;Königswinter-Heiderhof;Nordrhein-Westfalen
2022-01-01;603;2022-12-31;1.0;-999.0;12.03;16.43;7.33;;;;36.4;-11.6;1.0;620.8;18.9;eor;2000-07-04;2022-12-31;147;50.7293;7.204;Königswinter-Heiderhof;Nordrhein-Westfalen
2018-01-01;617;2018-12-31;10.0;-999.0;11.57;16.47;6.53;;;;37.2;-8.8;9.0;604.4;42.0;eor;2004-06-01;2022-12-31;47;51.873;6.8863;Borken in Westfalen;Nordrhein-Westfalen
2019-01-01;617;2019-12-31;10.0;-999.0;11.31;15.97;6.57;;;;39.4;-8.7;9.0;699.4;24.5;eor;2004-06-01;2022-12-31;47;51.873;6.8863;Borken in Westfalen;Nordrhein-Westfalen
2020-01-01;617;2020-12-31;10.0;-999.0;11.64;16.21;6.81;;;;35.9;-5.6;;;;eor;2004-06-01;2022-12-31;47;51.873;6.8863;Borken in Westfalen;Nordrhein-Westfalen
2021-01-01;617;2021-12-31;3.0;-999.0;10.4;14.59;6.16;;;;33.5;-16.1;;;;eor;2004-06-01;2022-12-31;47;51.873;6.8863;Borken in Westfalen;Nordrhein-Westfalen
2022-01-01;617;2022-12-31;1.0;-999.0;11.7;16.58;6.64;;;;38.5;-11.0;1.0;653.5;28.0;eor;2004-06-01;2022-12-31;47;51.873;6.8863;Borken in Westfalen;Nordrhein-Westfalen
2018-01-01;1078;2018-12-31;10.0;4.95;12.12;16.84;7.0;2.8;1939.8;32.2;36.7;-9.1;9.0;564.0;56.3;eor;1940-01-01;2022-12-31;37;51.296;6.7686;Düsseldorf;Nordrhein-Westfalen
2019-01-01;1078;2019-12-31;10.0;5.22;11.84;16.43;6.97;2.86;1737.3;;40.7;-8.5;9.0;672.0;25.6;eor;1940-01-01;2022-12-31;37;51.296;6.7686;Düsseldorf;Nordrhein-Westfalen
2020-01-01;1078;2020-12-31;10.0;5.02;12.25;16.83;7.22;2.95;1817.3;30.5;36.9;-5.7;9.0;617.7;30.6;eor;1940-01-01;2022-12-31;37;51.296;6.7686;Düsseldorf;Nordrhein-Westfalen
2021-01-01;1078;2021-12-31;3.0;5.44;10.78;14.97;6.3;2.7;1548.72;27.4;34.5;-13.7;3.0;879.0;49.9;eor;1940-01-01;2022-12-31;37;51.296;6.7686;Düsseldorf;Nordrhein-Westfalen
2022-01-01;1078;2022-12-31;1.0;5.45;12.32;16.88;7.29;;2046.39;;38.2;-10.0;1.0;657.9;19.8;eor;1940-01-01;2022-12-31;37;51.296;6.7686;Düsseldorf;Nordrhein-Westfalen
2018-01-01;1246;2018-12-31;10.0;-999.0;11.39;15.91;6.67;;;;37.2;-9.7;9.0;479.3;23.0;eor;2015-08-01;2022-12-31;104;51.8418;8.0607;Ennigerloh-Ostenfelde;Nordrhein-Westfalen
2019-01-01;1246;2019-12-31;10.0;-999.0;11.17;15.55;6.66;;1811.4;;38.0;-8.1;9.0;653.1;26.2;eor;2015-08-01;2022-12-31;104;51.8418;8.0607;Ennigerloh-Ostenfelde;Nordrhein-Westfalen
2020-01-01;1246;2020-12-31;10.0;-999.0;11.43;15.65;6.94;;1915.7;;34.8;-5.7;9.0;735.7;49.3;eor;2015-08-01;2022-12-31;104;51.8418;8.0607;Ennigerloh-Ostenfelde;Nordrhein-Westfalen
2021-01-01;1246;2021-12-31;3.0;-999.0;10.16;14.13;6.2;;1556.74;;34.3;-15.1;3.0;613.5;18.5;eor;2015-08-01;2022-12-31;104;51.8418;8.0607;Ennigerloh-Ostenfelde;Nordrhein-Westfalen
2022-01-01;1246;2022-12-31;1.0;-999.0;11.59;16.09;6.99;;2127.55;;38.1;-10.3;1.0;593.6;16.8;eor;2015-08-01;2022-12-31;104;51.8418;8.0607;Ennigerloh-Ostenfelde;Nordrhein-Westfalen
2018-01-01;1300;2018-12-31;10.0;-999.0;9.24;14.48;3.78;;;;35.1;-13.7;;;;eor;1931-01-01;2022-12-31;351;51.254;8.1565;Eslohe;Nordrhein-Westfalen
2019-01-01;1300;2019-12-31;10.0;-999.0;9.0;14.08;3.72;;;;36.7;-14.0;9.0;1087.1;;eor;1931-01-01;2022-12-31;351;51.254;8.1565;Eslohe;Nordrhein-Westfalen
2020-01-01;1300;2020-12-31;10.0;-999.0;9.44;14.35;4.0;;;;34.9;-8.7;9.0;947.6;27.0;eor;1931-01-01;2022-12-31;351;51.254;8.1565;Eslohe;Nordrhein-Westfalen
2021-01-01;1300;2021-12-31;3.0;-999.0;8.14;12.73;3.45;;;;32.6;-21.4;3.0;1012.2;76.1;eor;1931-01-01;2022-12-31;351;51.254;8.1565;Eslohe;Nordrhein-Westfalen
2022-01-01;1300;2022-12-31;1.0;-999.0;9.59;14.79;3.91;;;;35.1;-13.1;1.0;1013.2;48.0;eor;1931-01-01;2022-12-31;351;51.254;8.1565;Eslohe;Nordrhein-Westfalen
2018-01-01;1303;2018-12-31;9.0;;11.79;15.77;7.83;2.42;1996.0;29.7;35.6;-9.1;9.0;642.6;26.2;eor;1888-01-01;2022-12-31;150;51.4041;6.9677;Essen-Bredeney;Nordrhein-Westfalen
2019-01-01;1303;2019-12-31;9.0;;11.44;15.3;7.7;2.44;1754.0;27.5;40.0;-5.0;9.0;905.8;37.5;eor;1888-01-01;2022-12-31;150;51.4041;6.9677;Essen-Bredeney;Nordrhein-Westfalen
2020-01-01;1303;2020-12-31;9.0;;11.84;15.66;7.99;2.54;1851.9;26.2;35.2;-4.0;;;;eor;1888-01-01;2022-12-31;150;51.4041;6.9677;Essen-Bredeney;Nordrhein-Westfalen
2021-01-01;1303;2021-12-31;3.0;;10.42;13.96;7.0;;1589.16;;32.5;-11.8;3.0;1087.3;62.8;eor;1888-01-01;2022-12-31;150;51.4041;6.9677;Essen-Bredeney;Nordrhein-Westfalen
2022-01-01;1303;2022-12-31;1.0;5.07;12.0;15.87;8.09;2.38;2056.59;26.3;36.6;-7.2;1.0;817.3;25.7;eor;1888-01-01;2022-12-31;150;51.4041;6.9677;Essen-Bredeney;Nordrhein-Westfalen
2018-01-01;1327;2018-12-31;10.0;-999.0;11.6;16.71;6.28;;2026.9;;37.5;-10.4;9.0;466.0;37.0;eor;1937-01-01;2022-12-31;147;50.7119;6.7905;Weilerswist-Lommersum;Nordrhein-Westfalen
2019-01-01;1327;2019-12-31;10.0;-999.0;11.24;16.13;6.35;;;;40.6;-8.5;9.0;575.8;23.1;eor;1937-01-01;2022-12-31;147;50.7119;6.7905;Weilerswist-Lommersum;Nordrhein-Westfalen
2020-01-01;1327;2020-12-31;10.0;-999.0;11.81;16.78;6.57;;2005.1;;37.5;-6.8;9.0;479.7;27.2;eor;1937-01-01;2022-12-31;147;50.7119;6.7905;Weilerswist-Lommersum;Nordrhein-Westfalen
2021-01-01;1327;2021-12-31;3.0;-999.0;10.37;14.96;5.8;;1671.94;;34.3;-10.4;3.0;753.8;113.9;eor;1937-01-01;2022-12-31;147;50.7119;6.7905;Weilerswist-Lommersum;Nordrhein-Westfalen
2022-01-01;1327;2022-12-31;1.0;-999.0;11.89;16.99;6.63;;2158.34;;37.8;-9.9;1.0;486.8;20.2;eor;1937-01-01;2022-12-31;147;50.7119;6.7905;Weilerswist-Lommersum;Nordrhein-Westfalen
2018-01-01;1590;2018-12-31;10.0;-999.0;11.86;16.76;7.11;;2101.5;;37.6;-8.2;9.0;523.0;23.8;eor;1937-01-01;2022-12-31;37;51.4942;6.2463;Geldern-Walbeck;Nordrhein-Westfalen
2019-01-01;1590;2019-12-31;10.0;-999.0;11.62;16.31;7.16;;1811.5;;39.6;-7.6;9.0;736.0;29.0;eor;1937-01-01;2022-12-31;37;51.4942;6.2463;Geldern-Walbeck;Nordrhein-Westfalen
2020-01-01;1590;2020-12-31;10.0;-999.0;12.18;16.85;7.56;;1905.1;;36.7;-3.9;9.0;621.2;24.3;eor;1937-01-01;2022-12-31;37;51.4942;6.2463;Geldern-Walbeck;Nordrhein-Westfalen
2021-01-01;1590;2021-12-31;3.0;-999.0;10.67;14.92;6.59;;1705.85;;33.4;-11.4;3.0;809.6;45.0;eor;1937-01-01;2022-12-31;37;51.4942;6.2463;Geldern-Walbeck;Nordrhein-Westfalen
2022-01-01;1590;2022-12-31;1.0;-999.0;12.11;16.86;7.45;;2104.1;;37.4;-7.7;1.0;625.2;37.3;eor;1937-01-01;2022-12-31;37;51.4942;6.2463;Geldern-Walbeck;Nordrhein-Westfalen
2018-01-01;1766;2018-12-31;10.0;5.08;11.41;16.21;6.38;2.35;1987.6;35.0;37.5;-10.4;9.0;515.7;40.3;eor;1989-10-01;2022-12-31;48;52.1344;7.6969;Münster/Osnabrück;Nordrhein-Westfalen
2019-01-01;1766;2019-12-31;10.0;5.35;11.25;15.84;6.46;2.42;1741.7;24.5;40.0;-8.9;9.0;676.3;29.0;eor;1989-10-01;2022-12-31;48;52.1344;7.6969;Münster/Osnabrück;Nordrhein-Westfalen
2020-01-01;1766;2020-12-31;10.0;5.23;11.51;15.97;6.69;2.42;1786.7;;35.6;-5.2;9.0;620.4;22.0;eor;1989-10-01;2022-12-31;48;52.1344;7.6969;Münster/Osnabrück;Nordrhein-Westfalen
2021-01-01;1766;2021-12-31;3.0;5.72;10.22;14.49;5.88;2.35;1475.05;27.1;35.5;-17.3;3.0;636.8;25.2;eor;1989-10-01;2022-12-31;48;52.1344;7.6969;Münster/Osnabrück;Nordrhein-Westfalen
2022-01-01;1766;2022-12-31;1.0;;11.53;16.32;6.43;;1977.92;;38.0;-10.9;1.0;556.5;22.4;eor;1989-10-01;2022-12-31;48;52.1344;7.6969;Münster/Osnabrück;Nordrhein-Westfalen
2018-01-01;2110;2018-12-31;10.0;-999.0;11.85;16.75;6.93;;;;36.9;-8.8;9.0;508.5;45.0;eor;1938-01-01;2022-12-31;57;51.0411;6.1042;Heinsberg-Schleiden;Nordrhein-Westfalen
2019-01-01;2110;2019-12-31;10.0;-999.0;11.42;16.15;6.81;;;;39.9;-7.7;9.0;761.9;29.6;eor;1938-01-01;2022-12-31;57;51.0411;6.1042;Heinsberg-Schleiden;Nordrhein-Westfalen
2020-01-01;2110;2020-12-31;10.0;-999.0;12.06;16.82;7.16;;;;36.8;-5.4;9.0;615.8;26.4;eor;1938-01-01;2022-12-31;57;51.0411;6.1042;Heinsberg-Schleiden;Nordrhein-Westfalen
2021-01-01;2110;2021-12-31;3.0;-999.0;10.66;15.01;6.31;;;;33.7;-10.6;3.0;801.5;80.5;eor;1938-01-01;2022-12-31;57;51.0411;6.1042;Heinsberg-Schleiden;Nordrhein-Westfalen
2022-01-01;2110;2022-12-31;1.0;-999.0;12.03;16.94;7.04;;;;38.8;-8.6;;;22.3;eor;1938-01-01;2022-12-31;57;51.0411;6.1042;Heinsberg-Schleiden;Nordrhein-Westfalen
2018-01-01;2483;2018-12-31;9.0;;7.26;10.54;4.37;3.71;1724.7;39.5;30.4;-15.9;9.0;897.4;36.2;eor;1926-11-01;2022-12-31;839;51.1803;8.4891;Kahler Asten;Nordrhein-Westfalen
2019-01-01;2483;2019-12-31;9.0;;7.0;10.12;4.23;;1529.7;;31.9;-11.5;9.0;1244.5;64.6;eor;1926-11-01;2022-12-31;839;51.1803;8.4891;Kahler Asten;Nordrhein-Westfalen
2020-01-01;2483;2020-12-31;9.0;;7.28;10.41;4.36;;1605.2;;29.4;-8.0;9.0;1095.8;33.1;eor;1926-11-01;2022-12-31;839;51.1803;8.4891;Kahler Asten;Nordrhein-Westfalen
2021-01-01;2483;2021-12-31;3.0;;5.85;8.8;3.34;;1304.39;;27.9;-16.1;3.0;1125.3;37.1;eor;1926-11-01;2022-12-31;839;51.1803;8.4891;Kahler Asten;Nordrhein-Westfalen
2022-01-01;2483;2022-12-31;1.0;5.79;7.43;10.64;4.55;3.71;1785.15;36.9;30.3;-8.5;1.0;1062.5;27.3;eor;1926-11-01;2022-12-31;839;51.1803;8.4891;Kahler Asten;Nordrhein-Westfalen
2018-01-01;2497;2018-12-31;10.0;-999.0;9.49;13.76;5.02;2.6;;;33.8;-13.9;;;;eor;1937-01-01;2022-12-31;505;50.5014;6.5264;Kall-Sistig;Nordrhein-Westfalen
2019-01-01;2497;2019-12-31;10.0;-999.0;9.27;13.33;5.15;;1703.7;;36.8;-10.8;9.0;739.0;24.1;eor;1937-01-01;2022-12-31;505;50.5014;6.5264;Kall-Sistig;Nordrhein-Westfalen
2020-01-01;2497;2020-12-31;10.0;-999.0;9.7;13.75;5.36;;1835.0;29.7;33.3;-7.1;9.0;727.0;40.4;eor;1937-01-01;2022-12-31;505;50.5014;6.5264;Kall-Sistig;Nordrhein-Westfalen
2021-01-01;2497;2021-12-31;3.0;-999.0;8.26;11.94;4.57;;;;30.2;-13.2;3.0;862.9;144.8;eor;1937-01-01;2022-12-31;505;50.5014;6.5264;Kall-Sistig;Nordrhein-Westfalen
2022-01-01;2497;2022-12-31;1.0;-999.0;9.79;14.03;5.34;2.69;;26.1;34.7;-11.0;1.0;653.9;30.1;eor;1937-01-01;2022-12-31;505;50.5014;6.5264;Kall-Sistig;Nordrhein-Westfalen
2019-01-01;2629;2019-12-31;10.0;-999.0;11.17;16.09;6.5;;;;40.9;-8.5;9.0;780.3;36.4;eor;1851-01-01;2022-12-31;46;51.7612;6.0954;Kleve;Nordrhein-Westfalen
2020-01-01;2629;2020-12-31;10.0;-999.0;11.63;16.45;6.85;;;;36.4;-4.7;9.0;722.8;29.8;eor;1851-01-01;2022-12-31;46;51.7612;6.0954;Kleve;Nordrhein-Westfalen
2021-01-01;2629;2021-12-31;3.0;-999.0;10.24;14.76;5.99;;;;32.4;-11.0;3.0;849.4;33.4;eor;1851-01-01;2022-12-31;46;51.7612;6.0954;Kleve;Nordrhein-Westfalen
2022-01-01;2629;2022-12-31;1.0;-999.0;11.65;16.61;6.82;;;;37.6;-8.6;1.0;727.2;31.6;eor;1851-01-01;2022-12-31;46;51.7612;6.0954;Kleve;Nordrhein-Westfalen
2018-01-01;2667;2018-12-31;10.0;5.01;11.84;17.02;6.36;2.48;1907.9;31.9;38.3;-9.5;9.0;627.7;29.3;eor;1957-09-01;2022-12-31;92;50.8645;7.1575;Köln-Bonn;Nordrhein-Westfalen
2019-01-01;2667;2019-12-31;10.0;5.27;11.54;16.5;6.33;2.52;1699.8;28.8;40.3;-10.7;9.0;782.5;22.3;eor;1957-09-01;2022-12-31;92;50.8645;7.1575;Köln-Bonn;Nordrhein-Westfalen
2020-01-01;2667;2020-12-31;10.0;5.05;12.04;16.94;6.67;2.57;1846.9;29.7;37.3;-7.1;9.0;749.6;48.7;eor;1957-09-01;2022-12-31;92;50.8645;7.1575;Köln-Bonn;Nordrhein-Westfalen
2021-01-01;2667;2021-12-31;3.0;5.51;10.52;15.14;5.77;2.39;1534.21;;35.0;-12.6;3.0;793.6;106.9;eor;1957-09-01;2022-12-31;92;50.8645;7.1575;Köln-Bonn;Nordrhein-Westfalen
2022-01-01;2667;2022-12-31;1.0;;12.06;17.08;6.46;2.45;1978.09;31.9;38.0;-13.8;1.0;643.2;19.1;eor;1957-09-01;2022-12-31;92;50.8645;7.1575;Köln-Bonn;Nordrhein-Westfalen
2018-01-01;2947;2018-12-31;10.0;-999.0;9.87;15.23;4.55;;1806.1;;36.2;-13.6;9.0;733.7;81.6;eor;1962-04-01;2022-12-31;286;51.1333;8.0348;Lennestadt-Theten;Nordrhein-Westfalen
2019-01-01;2947;2019-12-31;10.0;-999.0;9.61;14.7;4.47;;;;37.9;-12.5;9.0;792.8;32.7;eor;1962-04-01;2022-12-31;286;51.1333;8.0348;Lennestadt-Theten;Nordrhein-Westfalen
2020-01-01;2947;2020-12-31;10.0;-999.0;10.16;15.1;5.02;;1712.1;;35.1;-9.3;9.0;710.8;25.4;eor;1962-04-01;2022-12-31;286;51.1333;8.0348;Lennestadt-Theten;Nordrhein-Westfalen
2021-01-01;2947;2021-12-31;3.0;-999.0;8.75;13.33;4.26;;;;32.7;-17.6;3.0;846.7;72.9;eor;1962-04-01;2022-12-31;286;51.1333;8.0348;Lennestadt-Theten;Nordrhein-Westfalen
2022-01-01;2947;2022-12-31;1.0;-999.0;10.3;15.46;4.97;;1801.38;;36.9;-13.5;1.0;764.3;28.5;eor;1962-04-01;2022-12-31;286;51.1333;8.0348;Lennestadt-Theten;Nordrhein-Westfalen
2018-01-01;2968;2018-12-31;9.0;-999.0;12.67;17.3;8.21;;;;38.2;-7.8;9.0;596.0;19.3;eor;1903-01-01;2022-12-31;43;50.9894;6.9777;Köln-Stammheim;Nordrhein-Westfalen
2019-01-01;2968;2019-12-31;9.0;-999.0;12.3;16.76;8.11;;;;41.1;-7.0;;;29.2;eor;1903-01-01;2022-12-31;43;50.9894;6.9777;Köln-Stammheim;Nordrhein-Westfalen
2020-01-01;2968;2020-12-31;9.0;-999.0;12.84;17.32;8.51;;;;37.4;-3.5;9.0;647.3;33.6;eor;1903-01-01;2022-12-31;43;50.9894;6.9777;Köln-Stammheim;Nordrhein-Westfalen
2021-01-01;2968;2021-12-31;3.0;-999.0;11.37;15.49;7.49;;;;34.7;-10.0;3.0;914.5;153.5;eor;1903-01-01;2022-12-31;43;50.9894;6.9777;Köln-Stammheim;Nordrhein-Westfalen
2022-01-01;2968;2022-12-31;1.0;-999.0;12.89;17.42;8.5;;;;37.9;-9.2;1.0;688.4;22.5;eor;1903-01-01;2022-12-31;43;50.9894;6.9777;Köln-Stammheim;Nordrhein-Westfalen
2018-01-01;3028;2018-12-31;9.0;;11.19;15.89;6.26;2.3;1880.9;30.9;37.6;-12.7;9.0;686.2;29.6;eor;1951-01-01;2022-12-31;157;51.7854;8.8388;Lippspringe, Bad;Nordrhein-Westfalen
2019-01-01;3028;2019-12-31;9.0;;10.86;15.4;6.03;;1645.5;;37.9;-9.1;9.0;907.7;79.8;eor;1951-01-01;2022-12-31;157;51.7854;8.8388;Lippspringe, Bad;Nordrhein-Westfalen
2020-01-01;3028;2020-12-31;9.0;;11.16;15.57;6.38;;1705.3;;35.3;-7.4;9.0;704.5;36.2;eor;1951-01-01;2022-12-31;157;51.7854;8.8388;Lippspringe, Bad;Nordrhein-Westfalen
2021-01-01;3028;2021-12-31;3.0;6.27;9.78;13.94;5.49;2.11;1314.5;;33.5;-20.9;3.0;853.6;22.5;eor;1951-01-01;2022-12-31;157;51.7854;8.8388;Lippspringe, Bad;Nordrhein-Westfalen
2022-01-01;3028;2022-12-31;1.0;;11.09;15.73;6.03;;1894.12;;37.1;-11.1;1.0;833.3;29.9;eor;1951-01-01;2022-12-31;157;51.7854;8.8388;Lippspringe, Bad;Nordrhein-Westfalen
2018-01-01;3031;2018-12-31;10.0;-999.0;11.33;16.39;5.83;;2048.1;;38.1;-12.5;9.0;475.9;38.0;eor;1980-12-01;2022-12-31;92;51.6336;8.3945;Lippstadt-Bökenförde;Nordrhein-Westfalen
2019-01-01;3031;2019-12-31;10.0;-999.0;11.06;15.94;5.85;;1776.9;;37.7;-9.0;9.0;689.4;32.9;eor;1980-12-01;2022-12-31;92;51.6336;8.3945;Lippstadt-Bökenförde;Nordrhein-Westfalen
2020-01-01;3031;2020-12-31;10.0;-999.0;11.35;16.21;5.98;;;;35.3;-6.5;9.0;610.1;48.1;eor;1980-12-01;2022-12-31;92;51.6336;8.3945;Lippstadt-Bökenförde;Nordrhein-Westfalen
2021-01-01;3031;2021-12-31;3.0;-999.0;10.21;14.71;5.56;;;;35.0;-22.9;3.0;631.7;26.7;eor;1980-12-01;2022-12-31;92;51.6336;8.3945;Lippstadt-Bökenförde;Nordrhein-Westfalen
2022-01-01;3031;2022-12-31;1.0;-999.0;11.45;16.46;6.06;;;;37.3;-10.7;1.0;668.1;28.4;eor;1980-12-01;2022-12-31;92;51.6336;8.3945;Lippstadt-Bökenförde;Nordrhein-Westfalen
2018-01-01;3098;2018-12-31;9.0;;10.01;14.43;5.7;;1811.7;;35.4;-12.1;9.0;773.8;35.7;eor;1994-01-01;2022-12-31;387;51.2452;7.6425;Lüdenscheid;Nordrhein-Westfalen
2019-01-01;3098;2019-12-31;9.0;;9.68;13.92;5.52;;1544.7;;37.9;-9.7;9.0;1073.9;34.9;eor;1994-01-01;2022-12-31;387;51.2452;7.6425;Lüdenscheid;Nordrhein-Westfalen
2020-01-01;3098;2020-12-31;9.0;5.78;10.06;14.22;5.88;2.39;1698.9;25.7;34.2;-6.0;1.0;898.9;25.4;eor;1994-01-01;2022-12-31;387;51.2452;7.6425;Lüdenscheid;Nordrhein-Westfalen
2021-01-01;3098;2021-12-31;3.0;6.25;8.68;12.44;5.07;2.2;1412.21;;31.9;-16.5;3.0;1151.2;114.4;eor;1994-01-01;2022-12-31;387;51.2452;7.6425;Lüdenscheid;Nordrhein-Westfalen
2022-01-01;3098;2022-12-31;1.0;5.7;10.33;14.5;6.09;2.33;1850.55;32.5;35.5;-10.2;1.0;989.9;42.1;eor;1994-01-01;2022-12-31;387;51.2452;7.6425;Lüdenscheid;Nordrhein-Westfalen
2018-01-01;3540;2018-12-31;10.0;-999.0;11.17;15.98;6.31;;1909.4;;36.8;-10.4;9.0;743.7;31.1;eor;1992-09-01;2022-12-31;195;50.8446;7.372;Neunkirchen-Seelscheid-Krawin;Nordrhein-Westfalen
2019-01-01;3540;2019-12-31;10.0;-999.0;10.71;15.35;6.16;;;;38.4;-9.5;9.0;1019.4;32.6;eor;1992-09-01;2022-12-31;195;50.8446;7.372;Neunkirchen-Seelscheid-Krawin;Nordrhein-Westfalen
2020-01-01;3540;2020-12-31;10.0;-999.0;11.26;15.86;6.46;;;;36.1;-6.4;9.0;814.6;34.0;eor;1992-09-01;2022-12-31;195;50.8446;7.372;Neunkirchen-Seelscheid-Krawin;Nordrhein-Westfalen
2021-01-01;3540;2021-12-31;3.0;-999.0;9.84;14.18;5.61;;;;32.7;-11.9;3.0;1009.4;49.9;eor;1992-09-01;2022-12-31;195;50.8446;7.372;Neunkirchen-Seelscheid-Krawin;Nordrhein-Westfalen
2022-01-01;3540;2022-12-31;1.0;-999.0;11.42;16.15;6.53;;;;35.5;-13.0;1.0;924.5;26.9;eor;1992-09-01;2022-12-31;195;50.8446;7.372;Neunkirchen-Seelscheid-Krawin;Nordrhein-Westfalen
2018-01-01;3591;2018-12-31;10.0;-999.0;10.71;14.88;6.32;;;;35.5;-11.8;9.0;625.4;44.4;eor;1994-01-01;2022-12-31;350;50.6743;6.424;Nideggen-Schmidt;Nordrhein-Westfalen
2019-01-01;3591;2019-12-31;10.0;-999.0;10.42;14.5;6.33;;;;38.1;-8.9;9.0;877.3;75.2;eor;1994-01-01;2022-12-31;350;50.6743;6.424;Nideggen-Schmidt;Nordrhein-Westfalen
2020-01-01;3591;2020-12-31;10.0;-999.0;10.95;15.06;6.57;;;;35.0;-5.9;9.0;691.7;33.1;eor;1994-01-01;2022-12-31;350;50.6743;6.424;Nideggen-Schmidt;Nordrhein-Westfalen
2021-01-01;3591;2021-12-31;3.0;-999.0;9.43;13.15;5.71;;;;32.1;-12.0;3.0;928.4;81.2;eor;1994-01-01;2022-12-31;350;50.6743;6.424;Nideggen-Schmidt;Nordrhein-Westfalen
2022-01-01;3591;2022-12-31;1.0;-999.0;10.99;15.23;6.54;;;;36.1;-10.2;1.0;729.8;47.1;eor;1994-01-01;2022-12-31;350;50.6743;6.424;Nideggen-Schmidt;Nordrhein-Westfalen
2018-01-01;3623;2018-12-31;3.0;-999.0;11.65;-999.0;-999.0;2.47;;;;;;;;eor;2002-01-01;2022-12-31;110;50.8294;6.6601;Nörvenich (Flugplatz);Nordrhein-Westfalen
2019-01-01;3623;2019-12-31;3.0;-999.0;11.37;-999.0;-999.0;;;;;;;;;eor;2002-01-01;2022-12-31;110;50.8294;6.6601;Nörvenich (Flugplatz);Nordrhein-Westfalen
2020-01-01;3623;2020-12-31;3.0;-999.0;11.98;-999.0;-999.0;2.55;1909.1;29.3;;;;;;eor;2002-01-01;2022-12-31;110;50.8294;6.6601;Nörvenich (Flugplatz);Nordrhein-Westfalen
2022-01-01;3623;2022-12-31;1.0;-999.0;11.98;-999.0;-999.0;2.48;2005.0;32.9;;;;;;eor;2002-01-01;2022-12-31;110;50.8294;6.6601;Nörvenich (Flugplatz);Nordrhein-Westfalen
2018-01-01;4063;2018-12-31;10.0;-999.0;11.07;15.97;5.75;;;;37.2;-11.8;9.0;415.5;14.8;eor;1950-01-01;2022-12-31;41;52.4461;8.5906;Rahden-Kleinendorf;Nordrhein-Westfalen
2019-01-01;4063;2019-12-31;10.0;-999.0;10.95;15.59;5.93;;1799.2;;39.1;-9.1;9.0;637.6;28.0;eor;1950-01-01;2022-12-31;41;52.4461;8.5906;Rahden-Kleinendorf;Nordrhein-Westfalen
2020-01-01;4063;2020-12-31;10.0;-999.0;11.17;15.72;6.12;;;;35.4;-6.2;9.0;650.9;37.0;eor;1950-01-01;2022-12-31;41;52.4461;8.5906;Rahden-Kleinendorf;Nordrhein-Westfalen
2021-01-01;4063;2021-12-31;3.0;-999.0;9.97;14.25;5.54;;;;33.6;-20.3;3.0;620.5;26.9;eor;1950-01-01;2022-12-31;41;52.4461;8.5906;Rahden-Kleinendorf;Nordrhein-Westfalen
2022-01-01;4063;2022-12-31;1.0;-999.0;11.07;15.98;5.68;;;;37.5;-12.5;1.0;537.4;21.2;eor;1950-01-01;2022-12-31;41;52.4461;8.5906;Rahden-Kleinendorf;Nordrhein-Westfalen
2018-01-01;4127;2018-12-31;10.0;-999.0;10.65;15.06;6.46;;1852.0;;35.6;-12.0;9.0;821.5;32.3;eor;1991-10-01;2022-12-31;347;50.9906;7.6958;Reichshof-Eckenhagen;Nordrhein-Westfalen
2019-01-01;4127;2019-12-31;10.0;-999.0;10.15;14.28;6.23;;1602.8;;38.6;-9.3;9.0;1064.2;32.8;eor;1991-10-01;2022-12-31;347;50.9906;7.6958;Reichshof-Eckenhagen;Nordrhein-Westfalen
2020-01-01;4127;2020-12-31;10.0;-999.0;10.56;14.7;6.47;;;;35.2;-5.7;9.0;989.3;33.7;eor;1991-10-01;2022-12-31;347;50.9906;7.6958;Reichshof-Eckenhagen;Nordrhein-Westfalen
2021-01-01;4127;2021-12-31;3.0;-999.0;9.18;13.04;5.65;;1470.71;;31.6;-13.8;3.0;1095.5;55.3;eor;1991-10-01;2022-12-31;347;50.9906;7.6958;Reichshof-Eckenhagen;Nordrhein-Westfalen
2022-01-01;4127;2022-12-31;1.0;-999.0;10.88;15.18;6.68;;1872.14;;35.6;-13.1;1.0;1016.1;33.3;eor;1991-10-01;2022-12-31;347;50.9906;7.6958;Reichshof-Eckenhagen;Nordrhein-Westfalen
2018-01-01;4371;2018-12-31;9.0;;11.05;15.56;6.7;2.05;1986.0;28.6;36.4;-11.2;9.0;608.4;29.2;eor;1931-01-01;2022-12-31;135;52.1042;8.7521;Salzuflen, Bad;Nordrhein-Westfalen
2019-01-01;4371;2019-12-31;9.0;;10.89;15.21;6.72;;;;37.8;-8.3;9.0;767.1;47.3;eor;1931-01-01;2022-12-31;135;52.1042;8.7521;Salzuflen, Bad;Nordrhein-Westfalen
2020-01-01;4371;2020-12-31;9.0;;11.0;15.2;6.89;;;;34.0;-4.8;9.0;687.7;31.0;eor;1931-01-01;2022-12-31;135;52.1042;8.7521;Salzuflen, Bad;Nordrhein-Westfalen
2021-01-01;4371;2021-12-31;3.0;6.32;9.8;13.87;6.09;1.89;;;32.5;-16.6;3.0;724.8;19.5;eor;1931-01-01;2022-12-31;135;52.1042;8.7521;Salzuflen, Bad;Nordrhein-Westfalen
2022-01-01;4371;2022-12-31;1.0;;11.21;15.7;6.85;;;;36.7;-9.4;1.0;666.0;32.0;eor;1931-01-01;2022-12-31;135;52.1042;8.7521;Salzuflen, Bad;Nordrhein-Westfalen
2018-01-01;5064;2018-12-31;10.0;-999.0;11.98;17.03;7.0;;;;37.6;-8.0;9.0;507.0;23.1;eor;2004-12-01;2022-12-31;37;51.2897;6.4437;Tönisvorst;Nordrhein-Westfalen
2019-01-01;5064;2019-12-31;10.0;-999.0;11.61;16.57;6.89;;;;41.2;-7.3;9.0;728.5;24.4;eor;2004-12-01;2022-12-31;37;51.2897;6.4437;Tönisvorst;Nordrhein-Westfalen
2020-01-01;5064;2020-12-31;10.0;-999.0;12.16;17.14;7.22;;;;37.4;-5.2;9.0;564.9;24.6;eor;2004-12-01;2022-12-31;37;51.2897;6.4437;Tönisvorst;Nordrhein-Westfalen
2021-01-01;5064;2021-12-31;3.0;-999.0;10.75;15.33;6.31;;;;33.2;-13.5;3.0;863.2;52.5;eor;2004-12-01;2022-12-31;37;51.2897;6.4437;Tönisvorst;Nordrhein-Westfalen
2022-01-01;5064;2022-12-31;1.0;-999.0;12.22;17.35;7.22;;;;39.2;-8.2;1.0;618.8;17.6;eor;2004-12-01;2022-12-31;37;51.2897;6.4437;Tönisvorst;Nordrhein-Westfalen
2018-01-01;5347;2018-12-31;9.0;;10.25;15.36;5.09;2.34;1995.6;31.5;36.6;-12.6;9.0;464.7;27.3;eor;1998-01-01;2022-12-31;236;51.5039;9.1118;Warburg;Nordrhein-Westfalen
2019-01-01;5347;2019-12-31;9.0;;9.99;14.75;5.2;;1822.5;;35.6;-11.7;;;;eor;1998-01-01;2022-12-31;236;51.5039;9.1118;Warburg;Nordrhein-Westfalen
2020-01-01;5347;2020-12-31;9.0;;10.25;14.92;5.3;;;;34.1;-7.5;9.0;646.1;61.3;eor;1998-01-01;2022-12-31;236;51.5039;9.1118;Warburg;Nordrhein-Westfalen
2021-01-01;5347;2021-12-31;3.0;;8.91;13.36;4.57;;1499.33;;32.2;-22.0;3.0;693.4;25.5;eor;1998-01-01;2022-12-31;236;51.5039;9.1118;Warburg;Nordrhein-Westfalen
2022-01-01;5347;2022-12-31;1.0;5.8;10.39;15.38;5.15;2.3;2054.96;29.9;36.6;-12.6;1.0;590.8;18.1;eor;1998-01-01;2022-12-31;236;51.5039;9.1118;Warburg;Nordrhein-Westfalen
2018-01-01;5480;2018-12-31;9.0;-999.0;11.58;16.31;6.47;;2021.7;;38.2;-11.0;;;;eor;2003-09-10;2022-12-31;85;51.5763;7.8879;Werl;Nordrhein-Westfalen
2019-01-01;5480;2019-12-31;9.0;-999.0;11.23;15.78;6.37;2.47;1724.8;28.8;38.8;-9.2;9.0;719.6;35.0;eor;2003-09-10;2022-12-31;85;51.5763;7.8879;Werl;Nordrhein-Westfalen
2020-01-01;5480;2020-12-31;9.0;-999.0;11.54;16.05;6.61;;1852.7;;34.9;-6.4;9.0;608.8;35.2;eor;2003-09-10;2022-12-31;85;51.5763;7.8879;Werl;Nordrhein-Westfalen
2021-01-01;5480;2021-12-31;3.0;-999.0;10.32;14.55;5.92;;1487.69;;34.6;-20.4;3.0;682.2;37.0;eor;2003-09-10;2022-12-31;85;51.5763;7.8879;Werl;Nordrhein-Westfalen
2022-01-01;5480;2022-12-31;1.0;-999.0;11.71;16.42;6.64;;2011.72;;37.7;-11.3;;;;eor;2003-09-10;2022-12-31;85;51.5763;7.8879;Werl;Nordrhein-Westfalen
2018-01-01;5717;2018-12-31;;;;;;;;;;;9.0;782.8;45.9;eor;1907-01-01;2022-12-31;134;51.2256;7.1052;Wuppertal-Buchenhofen;Nordrhein-Westfalen
2019-01-01;5717;2019-12-31;10.0;-999.0;10.99;15.76;6.39;;;;40.2;-8.2;9.0;1062.6;32.6;eor;1907-01-01;2022-12-31;134;51.2256;7.1052;Wuppertal-Buchenhofen;Nordrhein-Westfalen
2020-01-01;5717;2020-12-31;10.0;-999.0;11.45;16.14;6.67;;;;36.1;-5.5;9.0;996.3;29.3;eor;1907-01-01;2022-12-31;134;51.2256;7.1052;Wuppertal-Buchenhofen;Nordrhein-Westfalen
2021-01-01;5717;2021-12-31;3.0;-999.0;10.15;14.49;5.94;;;;33.5;-13.1;3.0;1186.9;90.8;eor;1907-01-01;2022-12-31;134;51.2256;7.1052;Wuppertal-Buchenhofen;Nordrhein-Westfalen
2022-01-01;5717;2022-12-31;1.0;-999.0;11.57;16.47;6.72;;;;37.3;-9.8;1.0;1031.1;29.4;eor;1907-01-01;2022-12-31;134;51.2256;7.1052;Wuppertal-Buchenhofen;Nordrhein-Westfalen
2018-01-01;6197;2018-12-31;9.0;;10.18;14.63;5.48;;;;35.7;-12.8;9.0;604.2;31.2;eor;2000-10-11;2022-12-31;258;51.8664;9.271;Lügde-Paenbruch;Nordrhein-Westfalen
2019-01-01;6197;2019-12-31;9.0;;9.9;14.09;5.45;2.53;1704.2;25.3;35.8;-10.7;;;;eor;2000-10-11;2022-12-31;258;51.8664;9.271;Lügde-Paenbruch;Nordrhein-Westfalen
2020-01-01;6197;2020-12-31;9.0;5.42;10.1;14.22;5.68;2.52;1719.6;27.8;34.0;-6.2;9.0;734.9;25.0;eor;2000-10-11;2022-12-31;258;51.8664;9.271;Lügde-Paenbruch;Nordrhein-Westfalen
2021-01-01;6197;2021-12-31;3.0;;8.87;12.69;5.06;;1331.13;;31.9;-17.6;3.0;760.7;25.6;eor;2000-10-11;2022-12-31;258;51.8664;9.271;Lügde-Paenbruch;Nordrhein-Westfalen
2022-01-01;6197;2022-12-31;1.0;;10.23;14.58;5.61;;;;36.5;-9.9;1.0;656.4;18.0;eor;2000-10-11;2022-12-31;258;51.8664;9.271;Lügde-Paenbruch;Nordrhein-Westfalen
2018-01-01;6264;2018-12-31;10.0;-999.0;9.66;13.9;5.53;;1821.5;;34.6;-15.1;;;;eor;2004-06-01;2022-12-31;457;51.414;8.65;Brilon-Thülen;Nordrhein-Westfalen
2019-01-01;6264;2019-12-31;10.0;-999.0;9.42;13.45;5.5;;;;35.5;-9.4;9.0;875.2;72.8;eor;2004-06-01;2022-12-31;457;51.414;8.65;Brilon-Thülen;Nordrhein-Westfalen
2020-01-01;6264;2020-12-31;10.0;-999.0;9.65;13.69;5.49;;;;32.7;-8.2;9.0;784.4;41.7;eor;2004-06-01;2022-12-31;457;51.414;8.65;Brilon-Thülen;Nordrhein-Westfalen
2021-01-01;6264;2021-12-31;3.0;-999.0;8.26;12.02;4.69;;;;31.4;-18.9;;;;eor;2004-06-01;2022-12-31;457;51.414;8.65;Brilon-Thülen;Nordrhein-Westfalen
2022-01-01;6264;2022-12-31;1.0;-999.0;9.8;14.01;5.61;;;;34.7;-9.9;1.0;806.1;36.2;eor;2004-06-01;2022-12-31;457;51.414;8.65;Brilon-Thülen;Nordrhein-Westfalen
2018-01-01;6337;2018-12-31;10.0;-999.0;11.47;16.4;6.15;;2055.6;;38.1;-8.8;9.0;465.3;18.5;eor;2004-08-01;2022-12-31;59;51.7663;7.5194;Lüdinghausen-Brochtrup;Nordrhein-Westfalen
2019-01-01;6337;2019-12-31;10.0;-999.0;11.18;15.97;6.06;;1766.6;;38.8;-9.7;9.0;651.8;30.9;eor;2004-08-01;2022-12-31;59;51.7663;7.5194;Lüdinghausen-Brochtrup;Nordrhein-Westfalen
2020-01-01;6337;2020-12-31;10.0;-999.0;11.53;16.04;6.58;;1837.8;;35.9;-6.4;9.0;638.0;34.1;eor;2004-08-01;2022-12-31;59;51.7663;7.5194;Lüdinghausen-Brochtrup;Nordrhein-Westfalen
2021-01-01;6337;2021-12-31;3.0;-999.0;10.19;14.53;5.7;;1590.0;;33.3;-19.4;3.0;710.0;30.4;eor;2004-08-01;2022-12-31;59;51.7663;7.5194;Lüdinghausen-Brochtrup;Nordrhein-Westfalen
2022-01-01;6337;2022-12-31;1.0;-999.0;11.57;16.41;6.27;;2016.99;;37.5;-12.4;;;;eor;2004-08-01;2022-12-31;59;51.7663;7.5194;Lüdinghausen-Brochtrup;Nordrhein-Westfalen
2018-01-01;7106;2018-12-31;9.0;-999.0;10.73;15.76;5.34;;1979.1;;36.9;-10.9;9.0;652.6;27.3;eor;2006-09-01;2022-12-31;105;52.0714;8.4565;Bielefeld-Deppendorf;Nordrhein-Westfalen
2019-01-01;7106;2019-12-31;9.0;-999.0;10.64;15.46;5.49;;1761.2;;39.0;-9.6;9.0;848.4;26.0;eor;2006-09-01;2022-12-31;105;52.0714;8.4565;Bielefeld-Deppendorf;Nordrhein-Westfalen
2020-01-01;7106;2020-12-31;9.0;-999.0;10.92;15.67;5.9;;;;35.0;-5.8;9.0;810.5;26.4;eor;2006-09-01;2022-12-31;105;52.0714;8.4565;Bielefeld-Deppendorf;Nordrhein-Westfalen
2021-01-01;7106;2021-12-31;3.0;-999.0;9.8;14.16;5.37;;1470.18;;33.8;-21.3;3.0;793.2;22.9;eor;2006-09-01;2022-12-31;105;52.0714;8.4565;Bielefeld-Deppendorf;Nordrhein-Westfalen
2022-01-01;7106;2022-12-31;1.0;-999.0;10.78;15.84;5.39;;1978.79;;37.8;-13.1;1.0;760.9;40.3;eor;2006-09-01;2022-12-31;105;52.0714;8.4565;Bielefeld-Deppendorf;Nordrhein-Westfalen
2018-01-01;7330;2018-12-31;9.0;-999.0;10.48;16.0;4.39;;1843.4;;36.8;-14.3;9.0;602.9;27.7;eor;2005-10-01;2022-12-31;159;51.4633;7.978;Arnsberg-Neheim;Nordrhein-Westfalen
2019-01-01;7330;2019-12-31;9.0;-999.0;10.34;15.72;4.33;;1592.9;;38.5;-11.3;9.0;726.6;26.3;eor;2005-10-01;2022-12-31;159;51.4633;7.978;Arnsberg-Neheim;Nordrhein-Westfalen
2020-01-01;7330;2020-12-31;9.0;-999.0;10.7;15.92;4.76;;1697.5;;34.6;-8.5;9.0;704.7;23.6;eor;2005-10-01;2022-12-31;159;51.4633;7.978;Arnsberg-Neheim;Nordrhein-Westfalen
2021-01-01;7330;2021-12-31;3.0;-999.0;9.5;14.26;4.19;;;;34.5;-21.8;3.0;810.6;59.5;eor;2005-10-01;2022-12-31;159;51.4633;7.978;Arnsberg-Neheim;Nordrhein-Westfalen
2022-01-01;7330;2022-12-31;1.0;-999.0;10.53;16.05;4.38;;;;38.1;-12.7;;;;eor;2005-10-01;2022-12-31;159;51.4633;7.978;Arnsberg-Neheim;Nordrhein-Westfalen
2018-01-01;7374;2018-12-31;9.0;-999.0;11.32;15.97;6.38;;1978.0;35.2;36.6;-9.1;9.0;549.7;19.3;eor;2006-03-01;2022-12-31;46;52.0813;6.9409;Ahaus;Nordrhein-Westfalen
2019-01-01;7374;2019-12-31;9.0;-999.0;11.04;15.51;6.29;2.57;1732.4;24.7;39.5;-8.9;9.0;748.4;33.8;eor;2006-03-01;2022-12-31;46;52.0813;6.9409;Ahaus;Nordrhein-Westfalen
2020-01-01;7374;2020-12-31;9.0;-999.0;11.35;15.69;6.66;2.81;1760.9;26.3;34.5;-6.1;9.0;795.9;67.9;eor;2006-03-01;2022-12-31;46;52.0813;6.9409;Ahaus;Nordrhein-Westfalen
2021-01-01;7374;2021-12-31;3.0;-999.0;10.16;14.21;5.96;;1480.98;;33.7;-16.0;3.0;755.1;31.1;eor;2006-03-01;2022-12-31;46;52.0813;6.9409;Ahaus;Nordrhein-Westfalen
2022-01-01;7374;2022-12-31;1.0;-999.0;11.44;16.0;6.47;;1958.16;;37.3;-10.0;1.0;675.4;35.0;eor;2006-03-01;2022-12-31;46;52.0813;6.9409;Ahaus;Nordrhein-Westfalen
2018-01-01;13670;2018-12-31;10.0;-999.0;12.36;17.05;7.63;;;;38.0;-7.7;9.0;466.7;29.6;eor;2007-06-01;2022-12-31;24;51.5088;6.7018;Duisburg-Baerl;Nordrhein-Westfalen
2019-01-01;13670;2019-12-31;10.0;-999.0;12.02;16.54;7.55;;;;41.2;-6.9;9.0;756.2;26.3;eor;2007-06-01;2022-12-31;24;51.5088;6.7018;Duisburg-Baerl;Nordrhein-Westfalen
2020-01-01;13670;2020-12-31;10.0;-999.0;12.41;16.88;7.8;;;;36.1;-4.4;9.0;694.9;25.9;eor;2007-06-01;2022-12-31;24;51.5088;6.7018;Duisburg-Baerl;Nordrhein-Westfalen
2021-01-01;13670;2021-12-31;3.0;-999.0;10.98;15.09;6.91;;;;33.8;-10.3;3.0;814.7;45.4;eor;2007-06-01;2022-12-31;24;51.5088;6.7018;Duisburg-Baerl;Nordrhein-Westfalen
2022-01-01;13670;2022-12-31;1.0;-999.0;12.52;17.05;7.84;;;;39.5;-7.6;;;35.4;eor;2007-06-01;2022-12-31;24;51.5088;6.7018;Duisburg-Baerl;Nordrhein-Westfalen
2018-01-01;13696;2018-12-31;10.0;-999.0;11.4;16.53;5.83;;;;36.7;-8.2;9.0;522.0;23.2;eor;2007-12-01;2022-12-31;60;51.5966;7.4048;Waltrop-Abdinghof;Nordrhein-Westfalen
2019-01-01;13696;2019-12-31;10.0;-999.0;11.16;16.17;5.85;;;;40.5;-9.2;9.0;688.9;34.4;eor;2007-12-01;2022-12-31;60;51.5966;7.4048;Waltrop-Abdinghof;Nordrhein-Westfalen
2020-01-01;13696;2020-12-31;10.0;-999.0;11.57;16.43;6.25;;;;35.4;-6.5;9.0;691.0;45.0;eor;2007-12-01;2022-12-31;60;51.5966;7.4048;Waltrop-Abdinghof;Nordrhein-Westfalen
2021-01-01;13696;2021-12-31;3.0;-999.0;10.33;14.82;5.54;;;;34.1;-19.5;3.0;734.0;29.9;eor;2007-12-01;2022-12-31;60;51.5966;7.4048;Waltrop-Abdinghof;Nordrhein-Westfalen
2022-01-01;13696;2022-12-31;1.0;-999.0;11.57;16.68;6.15;;;;38.4;-11.9;1.0;681.6;20.1;eor;2007-12-01;2022-12-31;60;51.5966;7.4048;Waltrop-Abdinghof;Nordrhein-Westfalen
2018-01-01;13700;2018-12-31;10.0;-999.0;11.11;15.46;6.56;;;;36.0;-11.3;9.0;757.5;28.8;eor;2008-05-01;2022-12-31;203;51.3329;7.3412;Gevelsberg-Oberbröking;Nordrhein-Westfalen
2019-01-01;13700;2019-12-31;10.0;-999.0;10.87;15.08;6.53;;;;39.4;-8.6;9.0;997.9;41.2;eor;2008-05-01;2022-12-31;203;51.3329;7.3412;Gevelsberg-Oberbröking;Nordrhein-Westfalen
2020-01-01;13700;2020-12-31;10.0;-999.0;11.23;15.41;6.82;;;;35.2;-6.5;9.0;848.0;28.6;eor;2008-05-01;2022-12-31;203;51.3329;7.3412;Gevelsberg-Oberbröking;Nordrhein-Westfalen
2021-01-01;13700;2021-12-31;3.0;-999.0;9.84;13.69;5.98;;;;32.5;-16.0;3.0;1093.3;78.9;eor;2008-05-01;2022-12-31;203;51.3329;7.3412;Gevelsberg-Oberbröking;Nordrhein-Westfalen
2022-01-01;13700;2022-12-31;1.0;-999.0;11.26;15.53;6.78;;;;36.0;-9.8;1.0;944.4;31.2;eor;2008-05-01;2022-12-31;203;51.3329;7.3412;Gevelsberg-Oberbröking;Nordrhein-Westfalen
2018-01-01;13713;2018-12-31;10.0;-999.0;9.79;14.4;5.02;;;;35.1;-11.6;9.0;1011.2;34.5;eor;2007-11-01;2022-12-31;386;51.0899;7.6289;Meinerzhagen-Redlendorf;Nordrhein-Westfalen
2019-01-01;13713;2019-12-31;10.0;-999.0;9.33;13.77;4.77;;;;36.8;-10.9;9.0;1351.4;;eor;2007-11-01;2022-12-31;386;51.0899;7.6289;Meinerzhagen-Redlendorf;Nordrhein-Westfalen
2020-01-01;13713;2020-12-31;10.0;-999.0;9.86;14.22;5.3;;;;34.5;-7.0;9.0;1258.6;40.8;eor;2007-11-01;2022-12-31;386;51.0899;7.6289;Meinerzhagen-Redlendorf;Nordrhein-Westfalen
2021-01-01;13713;2021-12-31;3.0;-999.0;8.56;12.62;4.58;;;;31.6;-15.2;3.0;1378.0;82.1;eor;2007-11-01;2022-12-31;386;51.0899;7.6289;Meinerzhagen-Redlendorf;Nordrhein-Westfalen
2022-01-01;13713;2022-12-31;1.0;-999.0;10.11;14.59;5.51;;;;34.7;-12.6;1.0;1243.5;45.0;eor;2007-11-01;2022-12-31;386;51.0899;7.6289;Meinerzhagen-Redlendorf;Nordrhein-Westfalen
2018-01-01;15000;2018-12-31;10.0;-999.0;11.21;15.32;7.0;;1958.2;;35.1;-10.8;9.0;690.2;63.3;eor;2011-04-01;2022-12-31;231;50.7983;6.0244;Aachen-Orsbach;Nordrhein-Westfalen
2019-01-01;15000;2019-12-31;9.0;-999.0;10.85;14.9;6.88;;1765.2;;38.6;-7.1;9.0;899.4;31.0;eor;2011-04-01;2022-12-31;231;50.7983;6.0244;Aachen-Orsbach;Nordrhein-Westfalen
2020-01-01;15000;2020-12-31;9.0;-999.0;11.42;15.46;7.21;;1908.8;;35.4;-6.6;9.0;776.1;35.4;eor;2011-04-01;2022-12-31;231;50.7983;6.0244;Aachen-Orsbach;Nordrhein-Westfalen
2021-01-01;15000;2021-12-31;3.0;-999.0;10.02;13.68;6.45;2.93;1636.74;27.7;31.6;-11.1;3.0;1011.3;98.7;eor;2011-04-01;2022-12-31;231;50.7983;6.0244;Aachen-Orsbach;Nordrhein-Westfalen
2022-01-01;15000;2022-12-31;1.0;-999.0;11.59;15.76;7.33;;2026.17;31.4;38.1;-8.2;1.0;681.2;30.1;eor;2011-04-01;2022-12-31;231;50.7983;6.0244;Aachen-Orsbach;Nordrhein-Westfalen
